{"cameraMode":{"drawMode":0,"name":"Shaded","section":"Shading Mode"},"sceneLighting":false,"audioPlay":false,"sceneViewState":{"m_AlwaysRefresh":false,"showFog":true,"showSkybox":false,"showFlares":true,"showImageEffects":true,"showParticleSystems":true,"showVisualEffectGraphs":true,"m_FxEnabled":true},"in2DMode":false,"pivot":{"x":3.6188268661499025,"y":-0.6702282428741455,"z":2.8653125762939455},"rotation":{"x":0.14936204254627229,"y":-0.27205726504325869,"z":0.04279089346528053,"w":0.9496825337409973},"size":4.244810104370117,"orthographic":false}