{"cameraMode":{"drawMode":0,"name":"Shaded","section":"Shading Mode"},"sceneLighting":true,"audioPlay":false,"sceneViewState":{"m_AlwaysRefresh":false,"showFog":true,"showSkybox":true,"showFlares":true,"showImageEffects":true,"showParticleSystems":true,"showVisualEffectGraphs":true,"m_FxEnabled":true},"in2DMode":false,"pivot":{"x":359.25457763671877,"y":214.2501220703125,"z":55.082183837890628},"rotation":{"x":0.016499308869242669,"y":0.007497906684875488,"z":-0.00018902361625805497,"w":0.9999192357063294},"size":255.468505859375,"orthographic":false}