{"cameraMode":{"drawMode":0,"name":"Shaded","section":"Shading Mode"},"sceneLighting":true,"audioPlay":false,"sceneViewState":{"m_AlwaysRefresh":false,"showFog":true,"showSkybox":true,"showFlares":true,"showImageEffects":true,"showParticleSystems":true,"showVisualEffectGraphs":true,"m_FxEnabled":true},"in2DMode":false,"pivot":{"x":196.74269104003907,"y":209.17083740234376,"z":244.69216918945313},"rotation":{"x":0.07484380155801773,"y":-0.04784809425473213,"z":0.0035970911849290134,"w":0.9960638880729675},"size":252.38975524902345,"orthographic":false}