{"cameraMode":{"drawMode":0,"name":"Shaded","section":"Shading Mode"},"sceneLighting":true,"audioPlay":false,"sceneViewState":{"m_AlwaysRefresh":false,"showFog":true,"showSkybox":true,"showFlares":true,"showImageEffects":true,"showParticleSystems":true,"showVisualEffectGraphs":true,"m_FxEnabled":true},"in2DMode":false,"pivot":{"x":0.6486892700195313,"y":1.4805629253387452,"z":13.388579368591309},"rotation":{"x":0.11185799539089203,"y":0.7472707629203796,"z":-0.1302018165588379,"w":0.6420395374298096},"size":4.493985652923584,"orthographic":false}